ID,Number,FirstName,LastName,Email,PhoneNumber,AddressID
1,11000001,Sue,Stu,sstu@gmail.com,425-401-3422,1
2,11000002,Skyler,Stu,sstu@gmail.com,425-401-3421,1
3,11000003,Tina,Stevenson,sonstev@gmail.com,425-422-3443,2
4,11000004,Kayla,Stevenson,kaystev@gmail.com,425-422-4334,2
5,11000005,Cindie,Miller,mc@hotmail.com,206-323-3232,3
6,11000006,Andrew,Thompson,,425-432-3412,4
7,11000007,Nike,Lee,leeeeee@gmail.com,425-343-6556,5
8,11000008,Lily,Lee,lili@outlook.com,425-575-9803,5
9,11000009,Abigail,Davis,scurdav@outlook.com,425-456-7889,6
10,11000010,Athena,Davis,goddesofwisdom@outlook.com,206-347-4598,6
11,11000011,Scylla,Nelson,thelairofscylla@gmail.com,425-709-0894,7
12,11000012,Tina,Nelson,lochnessmonster@gmail.com,425-234-3534,7
13,11000013,Dave,Nelson,,425-634-4534,7
14,11000014,Wilson,Clark,,425-089-5643,8
15,11000015,Elise,Nguyen,3eee@outlook.com,425-124-5654,9
16,11000016,Nora,Thomas,thththomas@outlook.com,425-654-4352,10
17,11000017,Odie,Thomas,odyseus@outlook.com,425-677-6867,10
18,11000018,Rob,Walker,robwalker@gmail.com,425-342-2343,11
19,11000019,Norris,Walker,,425-324-1242,11
20,11000020,Carl,Scott,scottc@outlook.com,425-678-0890,12
21,11000021,Wulf,Herdier,woofwoof@gmail.com,425-234-2356,13
22,11000022,Pennelope,Smith,pennelopeee@hotmail.com,425-575-9803,14
23,11000023,Kim,Young,,425-324-6776,15
24,11000024,David,Patterson,davdavp@gmail.com,425-436-4534,16
25,11000025,Elvis,Potter,urawzrd@gmail.com,425-401-3421,17
26,11000026,Vladimir,Potter,,425-422-4334,17
27,11000027,Felix,Taren,pheonixfelix@outlook.com,425-422-3443,18
28,11000028,Gary,Illooloo,illusion@hotmail.com,206-354-0980,19
29,11000029,Durti,Mole,digatunnel@gmail.com,425-432-3412,20
30,11000030,Hera,Kim,grooveykim@outlook.com,425-401-3421,21
31,11000031,Iggie,Mahn,catchemall@gmail.com,425-422-3443,22
32,11000032,Jason,Mahn,catchemall@gmail.com,425-422-4334,22
33,11000033,Noah,Nah,nahnahmoah@outlook.com,425-402-4342,23
34,11000034,Hannah,Nah,nahnahhannah@gmail.com,425-432-3412,23
35,11000035,Lewis,Jackson,,425-654-3253,24
36,11000036,Maggie,Tomlin,,425-654-6783,25
37,11000037,Owen,Lil,teenytiny@hotmail.com,425-134-6543,26
38,11000038,Paul,Adams,appaul@gmail.com,206-324-3455,27
39,11000039,Quil,Adams,apuil@gmail.com,206-353-2435,27
40,11000040,Fier,Flie,firefly@gmail.com,206-123-3532,28
41,11000041,Angel,Fish,anglerfish@outloook.com,206-323-6098,29
42,11000042,Davern,Phish,smthnphshy@gmail.com,425-234-2356,30